source,record_id,date,rating,title,body,url
Reddit r/myntra,red_01,2026-08-28T12:00:00Z,0,Wishlist size stockout is so annoying,Added this gorgeous dress to my wishlist last week during the sale build-up. Now when I go to finally buy it the size is out of stock. Does Myntra ever restock wishlist items or are they gone for good? https://www.reddit.com/r/myntra/comments/dress_stockout
Reddit r/myntra,red_02,2026-08-27T15:30:00Z,0,Why is it so hard to organize wishlists?,I have like 200 items saved in my wishlist and it is just a giant cluttered feed. I wish there was a way to create folders like 'Workwear' or 'Lehenga options' so I don't forget what I added. https://www.reddit.com/r/myntra/comments/wishlist_folders
Reddit r/myntra,red_03,2026-08-26T09:15:00Z,0,Sizing fit anxiety for luxe shoes,I saved these premium sneakers to my wishlist but I'm hesitant to buy because the size chart is confusing. Does Myntra run true to size for UK 8 or should I size up? The return process is usually easy but I don't want the hassle. https://www.reddit.com/r/myntra/comments/shoe_sizing
Shopping Communities,com_01,2026-08-25T14:20:00Z,0,Delivery charges on wishlist items,Every time I try to checkout a single top from my wishlist Myntra adds a 99 rupees shipping fee. That is almost 20% of the price! Wish they had free shipping thresholds combined across wishlisted items. https://www.myntraforum.com/threads/delivery_charges
Shopping Communities,com_02,2026-08-24T18:40:00Z,0,How do you style the wishlisted blazer?,I wishlisted this oversized blazer in olive green but I am stopping short of buying because I don't know how to style it or if it matches any of my current jeans. Wish Myntra showed outfit lookbooks with previous purchases. https://www.myntraforum.com/threads/styling_ideas
YouTube Comments,yt_01,2026-08-23T10:10:00Z,0,Need fabric details before wishlist checkout,Honestly love this floral kurti in my wishlist but there are no reviews about the fabric material. If it is synthetic polyester I will sweat like crazy. Sizing details are also vague. https://www.youtube.com/watch?v=haul_video
YouTube Comments,yt_02,2026-08-22T11:45:00Z,0,Forgot I even wishlisted these trousers,Just opened my Myntra wishlist after 3 weeks and found these beige trousers I saved. Completely forgot about them because they were buried under 50 other random items. We need clean wishlist category filtering. https://www.youtube.com/watch?v=wishlist_haul
Social Media Conversations,soc_01,2026-08-21T16:50:00Z,0,Wishlist restock alerts don't work,Myntra has a 'notify me' button on my wishlisted heels but I never get an alert when they restock in my size. I only find out when I manually check and they are already sold out again. https://twitter.com/myntra_reviews/status/restock_alert
Product Q&A,qa_01,2026-08-20T13:05:00Z,4,Is the color authentic?,I saved the premium foundation to my wishlist. Can anyone confirm if the shade matches the pictures or is it different in reality? Worried about duplicate/fake cosmetics. https://www.myntra.com/qna/cosmetics_shade
Product Q&A,qa_02,2026-08-19T08:50:00Z,0,Return policy on premium luxury watch,Wishlisted this designer watch. If I buy it and don't like the build quality or if it is too loose, is it fully returnable or is there a replacement-only policy? Sizing adjustment details are missing. https://www.myntra.com/qna/luxury_watch_return
